{"E": {"address": ["127.0.0.1", 65005], "alive": 1669222644.1673484}, "C": {"address": ["127.0.0.1", 65003], "alive": 1669222644.1673484}}