{"E": {"address": ["127.0.0.1", 65005], "alive": 1669224800.2378473}, "C": {"address": ["127.0.0.1", 65003], "alive": 1669224909.366802}}