{"E": {"address": ["127.0.0.1", 65005], "alive": 1669220590.5917833}, "C": {"address": ["127.0.0.1", 65003], "alive": 1669220590.5917833}}