{"B": {"address": ["127.0.0.1", 65002], "alive": 1669222637.231569}, "D": {"address": ["127.0.0.1", 65004], "alive": 1669222637.231569}}