{"B": {"address": ["127.0.0.1", 65002], "alive": 1669220582.642743}, "D": {"address": ["127.0.0.1", 65004], "alive": 1669220582.642743}}