{"B": {"address": ["127.0.0.1", 65002], "alive": 1669222641.4776835}, "E": {"address": ["127.0.0.1", 65005], "alive": 1669222641.4776835}, "A": {"address": ["127.0.0.1", 65001], "alive": 1669222641.4776835}}