{"B": {"address": ["127.0.0.1", 65002], "alive": 1669220587.4675875}, "E": {"address": ["127.0.0.1", 65005], "alive": 1669220587.4675875}, "A": {"address": ["127.0.0.1", 65001], "alive": 1669220587.4675875}}