{"B": {"address": ["127.0.0.1", 65002], "alive": 1669224797.2894716}, "E": {"address": ["127.0.0.1", 65005], "alive": 1669224797.2894716}, "A": {"address": ["127.0.0.1", 65001], "alive": 1669224901.1410935}}