{"B": {"address": ["127.0.0.1", 65002], "alive": 1669380258.9149463}, "E": {"address": ["127.0.0.1", 65005], "alive": 1669380258.9149463}, "A": {"address": ["127.0.0.1", 65001], "alive": 1669380258.9149463}}