{"D": {"address": ["127.0.0.1", 65004], "alive": 1669220589.1087008}, "F": {"address": ["127.0.0.1", 65006], "alive": 1669220589.1087008}}