{"D": {"address": ["127.0.0.1", 65004], "alive": 1669222642.804243}, "F": {"address": ["127.0.0.1", 65006], "alive": 1669222642.804243}}