{"D": {"address": ["127.0.0.1", 65004], "alive": 1669224798.6834698}, "F": {"address": ["127.0.0.1", 65006], "alive": 1669224798.6834698}}