{"F": {"address": ["127.0.0.1", 65006], "alive": 1669380257.7576268}, "B": {"address": ["127.0.0.1", 65002], "alive": 1669380257.7576268}}