{"F": {"address": ["127.0.0.1", 65006], "alive": 1669222640.0072918}, "B": {"address": ["127.0.0.1", 65002], "alive": 1669222640.0072918}}