{"F": {"address": ["127.0.0.1", 65006], "alive": 1669224909.3477566}, "B": {"address": ["127.0.0.1", 65002], "alive": 1669224909.3477566}}