{"A": {"address": ["127.0.0.1", 65001], "alive": 1669220584.4391472}, "D": {"address": ["127.0.0.1", 65004], "alive": 1669220584.4391472}, "C": {"address": ["127.0.0.1", 65003], "alive": 1669220584.4391472}}