{"A": {"address": ["127.0.0.1", 65001], "alive": 1669380256.5239103}, "D": {"address": ["127.0.0.1", 65004], "alive": 1669380256.5239103}, "C": {"address": ["127.0.0.1", 65003], "alive": 1669380256.5239103}}