{"A": {"address": ["127.0.0.1", 65001], "alive": 1669222638.5652065}, "D": {"address": ["127.0.0.1", 65004], "alive": 1669222638.5652065}, "C": {"address": ["127.0.0.1", 65003], "alive": 1669222638.5652065}}