{"A": {"address": ["127.0.0.1", 65001], "alive": 1669224901.1410935}, "D": {"address": ["127.0.0.1", 65004], "alive": 1669224794.5891154}, "C": {"address": ["127.0.0.1", 65003], "alive": 1669224909.366802}}